id;key;deviceID;eventTyp;date;realValue;targetValue;calculatedLosses;selectedReason
1;1;1;2;'01. Dezember 2022 00:03';7;5;23;4
2;2;1;3;'01. Dezember 2022 01:08';5;3;8;5
3;3;2;4;'01. Dezember 2022 02:11';4;2;67;1
4;4;3;2;'01. Dezember 2022 02:15';9;5;30;4
5;5;0;2;'01. Dezember 2022 02:19';8;5;27;3
6;6;0;6;'01. Dezember 2022 03:22';8;2;11;2
7;7;1;4;'01. Dezember 2022 04:27';2;2;33;5
8;8;1;2;'01. Dezember 2022 04:31';8;5;27;2
9;9;3;3;'01. Dezember 2022 05:32';3;3;5;5
10;10;2;4;'01. Dezember 2022 06:35';3;2;50;0
11;11;2;0;'01. Dezember 2022 06:37';32;15;80;4
12;12;3;4;'01. Dezember 2022 06:42';3;2;50;1
13;13;3;6;'01. Dezember 2022 07:44';8;2;11;5
14;14;3;6;'01. Dezember 2022 08:46';8;2;11;5
15;15;1;3;'01. Dezember 2022 09:46';3;3;5;4
16;16;3;1;'01. Dezember 2022 10:48';4044;7200;1;4
17;17;0;3;'01. Dezember 2022 10:50';3;3;5;3
18;18;1;5;'01. Dezember 2022 11:51';48;85;0;1
19;19;2;1;'01. Dezember 2022 11:51';4674;7200;2;3
20;20;2;2;'01. Dezember 2022 12:54';8;5;27;1
21;21;3;5;'01. Dezember 2022 12:57';69;85;0;0
22;22;0;0;'01. Dezember 2022 13:57';21;15;53;1
23;23;1;1;'01. Dezember 2022 13:59';4733;7200;2;1
24;24;0;4;'01. Dezember 2022 13:63';4;2;67;2
25;25;1;1;'01. Dezember 2022 14:00';3598;7200;1;1
26;26;2;4;'01. Dezember 2022 14:03';3;2;50;2
27;27;1;1;'01. Dezember 2022 15:07';3912;7200;1;3
28;28;3;4;'01. Dezember 2022 16:09';4;2;67;4
29;29;1;5;'01. Dezember 2022 17:12';72;85;0;1
30;30;2;3;'01. Dezember 2022 18:15';6;3;10;4
31;31;1;4;'01. Dezember 2022 18:18';3;2;50;1
32;32;1;1;'01. Dezember 2022 18:21';5064;7200;2;1
33;33;3;6;'01. Dezember 2022 18:26';10;2;13;1
34;34;1;1;'01. Dezember 2022 19:28';4007;7200;1;2
35;35;2;1;'01. Dezember 2022 19:31';5919;7200;2;1
36;36;0;4;'01. Dezember 2022 19:35';3;2;50;2
37;37;2;1;'01. Dezember 2022 20:39';4178;7200;1;4
38;38;1;5;'01. Dezember 2022 20:43';43;85;0;1
39;39;1;4;'01. Dezember 2022 20:45';4;2;67;0
40;40;2;1;'01. Dezember 2022 20:47';4941;7200;2;2
41;41;2;0;'01. Dezember 2022 21:48';42;15;105;4
42;42;2;5;'01. Dezember 2022 21:48';77;85;0;5
43;43;2;3;'01. Dezember 2022 21:53';5;3;8;3
44;44;2;3;'01. Dezember 2022 21:53';4;3;7;3
45;45;2;4;'01. Dezember 2022 22:54';4;2;67;1
46;46;1;3;'01. Dezember 2022 23:56';5;3;8;2
47;47;2;4;'01. Dezember 2022 24:60';2;2;33;5
48;48;1;3;'02. Dezember 2022 01:01';4;3;7;2
49;49;2;0;'02. Dezember 2022 01:03';21;15;53;0
50;50;2;1;'02. Dezember 2022 02:04';5244;7200;2;2
51;51;1;0;'02. Dezember 2022 02:07';25;15;63;1
52;52;1;1;'02. Dezember 2022 03:11';5745;7200;2;4
53;53;2;3;'02. Dezember 2022 04:14';4;3;7;3
54;54;0;1;'02. Dezember 2022 04:18';4212;7200;1;2
55;55;1;4;'02. Dezember 2022 04:19';3;2;50;5
56;56;1;5;'02. Dezember 2022 04:21';69;85;0;3
57;57;2;0;'02. Dezember 2022 04:24';27;15;68;2
58;58;1;4;'02. Dezember 2022 05:26';2;2;33;1
59;59;3;5;'02. Dezember 2022 06:28';50;85;0;3
60;60;2;6;'02. Dezember 2022 07:28';6;2;8;2
61;61;1;3;'02. Dezember 2022 08:29';4;3;7;3
62;62;2;2;'02. Dezember 2022 09:33';5;5;17;1
63;63;1;1;'02. Dezember 2022 09:37';5257;7200;2;1
64;64;2;2;'02. Dezember 2022 09:41';10;5;33;4
65;65;2;1;'02. Dezember 2022 10:44';3393;7200;1;2
66;66;2;0;'02. Dezember 2022 10:45';32;15;80;0
67;67;3;6;'02. Dezember 2022 11:46';6;2;8;3
68;68;0;2;'02. Dezember 2022 11:49';8;5;27;4
69;69;2;5;'02. Dezember 2022 12:53';61;85;0;1
70;70;1;5;'02. Dezember 2022 12:55';52;85;0;3
71;71;3;0;'02. Dezember 2022 13:55';23;15;58;0
72;72;3;1;'02. Dezember 2022 14:58';3987;7200;1;1
73;73;3;4;'02. Dezember 2022 14:60';3;2;50;2
74;74;1;2;'02. Dezember 2022 15:01';10;5;33;1
75;75;1;6;'02. Dezember 2022 15:03';10;2;13;2
76;76;1;0;'02. Dezember 2022 16:07';33;15;83;1
77;77;1;3;'02. Dezember 2022 17:07';4;3;7;4
78;78;2;4;'02. Dezember 2022 17:09';3;2;50;0
79;79;1;6;'02. Dezember 2022 18:14';6;2;8;1
80;80;3;3;'02. Dezember 2022 19:16';3;3;5;4
81;81;2;3;'02. Dezember 2022 19:16';3;3;5;5
82;82;2;4;'02. Dezember 2022 20:19';4;2;67;2
83;83;1;5;'02. Dezember 2022 20:20';63;85;0;4
84;84;3;5;'02. Dezember 2022 21:22';65;85;0;3
85;85;1;1;'02. Dezember 2022 21:24';4860;7200;2;1
86;86;2;5;'02. Dezember 2022 21:28';56;85;0;4
87;87;3;1;'02. Dezember 2022 21:28';3806;7200;1;3
88;88;0;5;'02. Dezember 2022 21:30';45;85;0;4
89;89;1;6;'02. Dezember 2022 21:30';7;2;9;2
90;90;0;5;'02. Dezember 2022 22:33';53;85;0;4
91;91;2;5;'02. Dezember 2022 22:36';78;85;0;4
92;92;1;2;'02. Dezember 2022 22:39';7;5;23;3
93;93;2;2;'02. Dezember 2022 23:40';8;5;27;1
94;94;2;2;'02. Dezember 2022 23:42';8;5;27;2
95;95;0;2;'02. Dezember 2022 23:46';8;5;27;2
96;96;0;0;'03. Dezember 2022 01:50';38;15;95;3
97;97;2;5;'03. Dezember 2022 01:51';66;85;0;1
98;98;2;4;'03. Dezember 2022 02:54';3;2;50;1
99;99;3;2;'03. Dezember 2022 03:58';8;5;27;3
100;100;1;1;'03. Dezember 2022 03:58';4754;7200;2;1
101;101;0;0;'03. Dezember 2022 04:59';34;15;85;1
102;102;1;3;'03. Dezember 2022 05:62';6;3;10;4
103;103;3;2;'03. Dezember 2022 06:00';8;5;27;4
104;104;2;1;'03. Dezember 2022 06:01';5433;7200;2;5
105;105;2;3;'03. Dezember 2022 07:01';3;3;5;3
106;106;1;1;'03. Dezember 2022 07:05';3566;7200;1;4
107;107;2;5;'03. Dezember 2022 08:09';55;85;0;4
108;108;2;3;'03. Dezember 2022 08:10';4;3;7;4
109;109;2;2;'03. Dezember 2022 08:13';8;5;27;5
110;110;2;5;'03. Dezember 2022 09:17';76;85;0;2
111;111;2;2;'03. Dezember 2022 10:20';8;5;27;3
112;112;1;5;'03. Dezember 2022 10:23';73;85;0;1
113;113;2;4;'03. Dezember 2022 10:27';4;2;67;1
114;114;1;4;'03. Dezember 2022 11:29';3;2;50;3
115;115;2;6;'03. Dezember 2022 12:31';10;2;13;3
116;116;2;5;'03. Dezember 2022 12:32';46;85;0;3
117;117;1;3;'03. Dezember 2022 12:34';6;3;10;2
118;118;2;5;'03. Dezember 2022 13:35';64;85;0;3
119;119;3;1;'03. Dezember 2022 13:38';5893;7200;2;5
120;120;0;4;'03. Dezember 2022 14:41';4;2;67;3
121;121;2;3;'03. Dezember 2022 14:41';5;3;8;0
122;122;1;2;'03. Dezember 2022 15:44';7;5;23;0
123;123;1;3;'03. Dezember 2022 15:47';5;3;8;2
124;124;2;4;'03. Dezember 2022 16:47';3;2;50;4
125;125;1;1;'03. Dezember 2022 16:52';3298;7200;1;2
126;126;1;2;'03. Dezember 2022 16:52';7;5;23;3
127;127;2;6;'03. Dezember 2022 17:56';7;2;9;0
128;128;2;2;'03. Dezember 2022 18:57';9;5;30;3
129;129;1;4;'03. Dezember 2022 18:58';3;2;50;3
130;130;1;6;'03. Dezember 2022 19:59';10;2;13;5
131;131;2;5;'03. Dezember 2022 19:00';52;85;0;4
132;132;1;5;'03. Dezember 2022 20:04';60;85;0;1
133;133;1;1;'03. Dezember 2022 20:06';3085;7200;1;3
134;134;0;1;'03. Dezember 2022 20:11';3433;7200;1;0
135;135;1;4;'03. Dezember 2022 20:11';4;2;67;3
136;136;2;6;'03. Dezember 2022 21:13';9;2;12;0
137;137;3;4;'03. Dezember 2022 21:16';3;2;50;2
138;138;2;1;'03. Dezember 2022 21:17';5646;7200;2;2
139;139;0;5;'03. Dezember 2022 22:20';55;85;0;3
140;140;3;2;'03. Dezember 2022 22:22';6;5;20;0
141;141;3;2;'03. Dezember 2022 22:24';8;5;27;3
142;142;2;1;'03. Dezember 2022 23:29';4745;7200;2;2
143;143;2;3;'03. Dezember 2022 24:31';6;3;10;1
144;144;2;1;'04. Dezember 2022 00:34';4741;7200;2;1
145;145;2;0;'04. Dezember 2022 00:34';39;15;98;0
146;146;0;3;'04. Dezember 2022 01:35';5;3;8;5
147;147;0;4;'04. Dezember 2022 01:36';2;2;33;4
148;148;2;6;'04. Dezember 2022 02:41';7;2;9;0
149;149;0;4;'04. Dezember 2022 03:43';3;2;50;1
150;150;2;6;'04. Dezember 2022 04:43';9;2;12;4
151;151;0;6;'04. Dezember 2022 05:47';7;2;9;2
152;152;2;1;'04. Dezember 2022 06:51';5478;7200;2;4
153;153;0;5;'04. Dezember 2022 06:53';47;85;0;5
154;154;3;1;'04. Dezember 2022 07:53';4781;7200;2;5
155;155;0;1;'04. Dezember 2022 08:57';5217;7200;2;0
156;156;2;6;'04. Dezember 2022 09:57';8;2;11;3
157;157;3;1;'04. Dezember 2022 09:57';4810;7200;2;1
158;158;0;2;'04. Dezember 2022 10:57';10;5;33;3
159;159;2;3;'04. Dezember 2022 11:60';4;3;7;1
160;160;3;1;'04. Dezember 2022 11:00';3742;7200;1;3
161;161;1;4;'04. Dezember 2022 11:02';3;2;50;2
162;162;1;6;'04. Dezember 2022 11:03';10;2;13;2
163;163;0;0;'04. Dezember 2022 12:06';37;15;93;4
164;164;1;3;'04. Dezember 2022 12:07';4;3;7;5
165;165;3;6;'04. Dezember 2022 13:12';8;2;11;3
166;166;1;2;'04. Dezember 2022 13:15';6;5;20;2
167;167;1;2;'04. Dezember 2022 13:19';7;5;23;2
168;168;2;4;'04. Dezember 2022 13:22';4;2;67;0
169;169;1;1;'04. Dezember 2022 14:27';4193;7200;1;3
170;170;2;5;'04. Dezember 2022 14:29';44;85;0;0
171;171;3;5;'04. Dezember 2022 15:30';67;85;0;0
172;172;0;4;'04. Dezember 2022 16:30';2;2;33;2
173;173;0;3;'04. Dezember 2022 17:31';5;3;8;5
174;174;2;0;'04. Dezember 2022 17:35';25;15;63;1
175;175;3;4;'04. Dezember 2022 18:38';3;2;50;2
176;176;2;4;'04. Dezember 2022 18:42';3;2;50;2
177;177;2;3;'04. Dezember 2022 18:46';5;3;8;5
178;178;3;2;'04. Dezember 2022 19:50';9;5;30;4
179;179;2;6;'04. Dezember 2022 19:52';5;2;7;1
180;180;3;5;'04. Dezember 2022 20:52';41;85;0;1
181;181;3;1;'04. Dezember 2022 20:53';5394;7200;2;4
182;182;0;5;'04. Dezember 2022 21:54';44;85;0;2
183;183;1;5;'04. Dezember 2022 21:57';75;85;0;1
184;184;1;2;'04. Dezember 2022 22:59';9;5;30;1
185;185;2;3;'04. Dezember 2022 22:01';4;3;7;5
186;186;2;5;'04. Dezember 2022 22:02';77;85;0;3
187;187;2;2;'04. Dezember 2022 23:04';8;5;27;2
188;188;3;1;'04. Dezember 2022 23:05';4603;7200;2;2
189;189;0;6;'05. Dezember 2022 01:07';10;2;13;4
190;190;2;4;'05. Dezember 2022 01:10';2;2;33;1
191;191;1;2;'05. Dezember 2022 02:10';6;5;20;4
192;192;2;5;'05. Dezember 2022 02:12';61;85;0;2
193;193;3;3;'05. Dezember 2022 02:15';5;3;8;3
194;194;1;3;'05. Dezember 2022 03:19';4;3;7;4
195;195;0;1;'05. Dezember 2022 03:23';4197;7200;1;2
196;196;2;4;'05. Dezember 2022 04:26';3;2;50;1
197;197;2;3;'05. Dezember 2022 04:31';5;3;8;3
198;198;2;5;'05. Dezember 2022 05:35';65;85;0;3
199;199;3;5;'05. Dezember 2022 05:38';41;85;0;1
200;200;0;0;'05. Dezember 2022 05:40';41;15;103;2
201;201;1;1;'05. Dezember 2022 06:43';4418;7200;2;3
202;202;2;6;'05. Dezember 2022 07:46';9;2;12;1
203;203;2;6;'05. Dezember 2022 07:50';6;2;8;1
204;204;2;3;'05. Dezember 2022 07:50';5;3;8;3
205;205;3;1;'05. Dezember 2022 07:55';5111;7200;2;4
206;206;2;2;'05. Dezember 2022 07:56';7;5;23;3
207;207;2;0;'05. Dezember 2022 08:56';23;15;58;2
208;208;2;5;'05. Dezember 2022 09:57';73;85;0;3
209;209;1;3;'05. Dezember 2022 09:59';5;3;8;1
210;210;1;3;'05. Dezember 2022 10:62';4;3;7;4
211;211;2;3;'05. Dezember 2022 10:01';5;3;8;1
212;212;2;4;'05. Dezember 2022 11:05';3;2;50;4
213;213;0;0;'05. Dezember 2022 11:10';25;15;63;1
214;214;0;4;'05. Dezember 2022 12:13';2;2;33;2
215;215;0;2;'05. Dezember 2022 12:15';6;5;20;2
216;216;2;1;'05. Dezember 2022 13:19';5446;7200;2;3
217;217;2;6;'05. Dezember 2022 13:22';7;2;9;3
218;218;3;5;'05. Dezember 2022 14:24';80;85;0;4
219;219;2;0;'05. Dezember 2022 14:25';25;15;63;2
220;220;1;5;'05. Dezember 2022 15:30';59;85;0;5
221;221;3;1;'05. Dezember 2022 15:32';4612;7200;2;0
222;222;0;5;'05. Dezember 2022 16:32';70;85;0;2
223;223;3;0;'05. Dezember 2022 17:33';26;15;65;4
224;224;2;3;'05. Dezember 2022 17:35';5;3;8;4
225;225;1;2;'05. Dezember 2022 17:35';5;5;17;3
226;226;1;6;'05. Dezember 2022 18:39';9;2;12;3
227;227;2;5;'05. Dezember 2022 18:44';79;85;0;3
228;228;2;4;'05. Dezember 2022 19:47';3;2;50;2
229;229;1;2;'05. Dezember 2022 20:48';8;5;27;1
230;230;2;1;'05. Dezember 2022 20:51';4117;7200;1;4
231;231;1;1;'05. Dezember 2022 21:53';4784;7200;2;4
232;232;2;3;'05. Dezember 2022 21:56';4;3;7;2
233;233;2;4;'05. Dezember 2022 21:56';3;2;50;2
234;234;1;4;'05. Dezember 2022 22:61';4;2;67;2
235;235;2;1;'05. Dezember 2022 22:00';4827;7200;2;5
236;236;1;5;'05. Dezember 2022 22:03';58;85;0;3
237;237;2;5;'05. Dezember 2022 23:08';53;85;0;1
238;238;0;4;'06. Dezember 2022 00:10';3;2;50;3
239;239;2;6;'06. Dezember 2022 01:10';9;2;12;1
240;240;2;0;'06. Dezember 2022 01:11';24;15;60;3
241;241;2;6;'06. Dezember 2022 01:11';8;2;11;1
242;242;2;5;'06. Dezember 2022 02:12';50;85;0;3
243;243;1;3;'06. Dezember 2022 02:17';3;3;5;1
244;244;1;3;'06. Dezember 2022 03:19';4;3;7;2
245;245;0;6;'06. Dezember 2022 03:23';9;2;12;2
246;246;2;5;'06. Dezember 2022 04:26';55;85;0;3
247;247;0;4;'06. Dezember 2022 04:30';4;2;67;4
248;248;1;1;'06. Dezember 2022 05:32';5409;7200;2;3
249;249;2;2;'06. Dezember 2022 05:36';10;5;33;3
250;250;3;4;'06. Dezember 2022 06:39';4;2;67;4
251;251;3;2;'06. Dezember 2022 06:43';8;5;27;2
252;252;1;6;'06. Dezember 2022 06:47';10;2;13;5
253;253;2;1;'06. Dezember 2022 06:51';5398;7200;2;1
254;254;2;4;'06. Dezember 2022 07:51';2;2;33;2
255;255;1;3;'06. Dezember 2022 07:54';3;3;5;3
256;256;2;4;'06. Dezember 2022 08:56';2;2;33;2
257;257;0;4;'06. Dezember 2022 08:58';2;2;33;4
258;258;1;3;'06. Dezember 2022 08:61';4;3;7;2
259;259;0;0;'06. Dezember 2022 08:01';33;15;83;2
260;260;2;6;'06. Dezember 2022 09:06';5;2;7;0
261;261;1;2;'06. Dezember 2022 09:08';8;5;27;2
262;262;2;2;'06. Dezember 2022 09:10';10;5;33;1
263;263;1;4;'06. Dezember 2022 10:14';3;2;50;3
264;264;3;3;'06. Dezember 2022 10:15';5;3;8;0
265;265;3;1;'06. Dezember 2022 10:18';5440;7200;2;1
266;266;3;3;'06. Dezember 2022 11:21';4;3;7;3
267;267;2;6;'06. Dezember 2022 11:22';10;2;13;1
268;268;2;1;'06. Dezember 2022 12:24';4422;7200;2;4
269;269;3;1;'06. Dezember 2022 12:27';3433;7200;1;2
270;270;0;3;'06. Dezember 2022 13:28';4;3;7;1
271;271;1;6;'06. Dezember 2022 13:32';7;2;9;1
272;272;2;5;'06. Dezember 2022 13:37';69;85;0;0
273;273;1;2;'06. Dezember 2022 13:42';6;5;20;1
274;274;2;1;'06. Dezember 2022 14:44';5790;7200;2;4
275;275;2;1;'06. Dezember 2022 14:48';5713;7200;2;4
276;276;1;3;'06. Dezember 2022 15:51';5;3;8;3
277;277;1;4;'06. Dezember 2022 16:54';2;2;33;2
278;278;1;2;'06. Dezember 2022 16:59';6;5;20;3
279;279;2;2;'06. Dezember 2022 17:62';6;5;20;1
280;280;0;6;'06. Dezember 2022 17:00';6;2;8;2
281;281;2;1;'06. Dezember 2022 17:01';5392;7200;2;0
282;282;1;4;'06. Dezember 2022 18:03';3;2;50;4
283;283;1;1;'06. Dezember 2022 18:04';4796;7200;2;3
284;284;3;3;'06. Dezember 2022 19:08';4;3;7;3
285;285;2;5;'06. Dezember 2022 19:10';56;85;0;5
286;286;1;2;'06. Dezember 2022 20:13';6;5;20;5
287;287;1;1;'06. Dezember 2022 20:14';5615;7200;2;4
288;288;3;2;'06. Dezember 2022 20:16';6;5;20;5
289;289;0;3;'06. Dezember 2022 21:16';4;3;7;1
290;290;2;0;'06. Dezember 2022 21:19';40;15;100;4
291;291;1;1;'06. Dezember 2022 22:23';5722;7200;2;4
292;292;2;5;'06. Dezember 2022 22:23';64;85;0;3
293;293;2;4;'06. Dezember 2022 23:25';2;2;33;1
294;294;0;3;'06. Dezember 2022 24:27';4;3;7;0
295;295;0;4;'07. Dezember 2022 00:29';2;2;33;3
296;296;1;5;'07. Dezember 2022 00:30';53;85;0;0
297;297;1;3;'07. Dezember 2022 01:32';5;3;8;0
298;298;2;0;'07. Dezember 2022 01:34';34;15;85;5
299;299;2;0;'07. Dezember 2022 02:36';34;15;85;3
300;300;3;5;'07. Dezember 2022 02:40';63;85;0;2
301;301;0;5;'07. Dezember 2022 02:44';69;85;0;1
302;302;3;4;'07. Dezember 2022 03:46';3;2;50;5
303;303;3;6;'07. Dezember 2022 03:50';9;2;12;3
304;304;2;2;'07. Dezember 2022 03:52';6;5;20;1
305;305;2;3;'07. Dezember 2022 04:55';3;3;5;3
306;306;1;2;'07. Dezember 2022 05:56';9;5;30;3
307;307;0;4;'07. Dezember 2022 05:59';3;2;50;0
308;308;2;0;'07. Dezember 2022 06:62';32;15;80;3
309;309;0;5;'07. Dezember 2022 07:01';76;85;0;2
310;310;1;3;'07. Dezember 2022 07:05';5;3;8;3
311;311;3;2;'07. Dezember 2022 08:10';5;5;17;1
312;312;1;0;'07. Dezember 2022 09:12';29;15;73;3
313;313;3;1;'07. Dezember 2022 09:15';4304;7200;1;1
314;314;1;1;'07. Dezember 2022 10:16';4109;7200;1;1
315;315;0;0;'07. Dezember 2022 10:20';32;15;80;5
316;316;3;2;'07. Dezember 2022 10:21';6;5;20;4
317;317;2;2;'07. Dezember 2022 11:24';9;5;30;1
318;318;0;2;'07. Dezember 2022 11:25';7;5;23;0
319;319;1;5;'07. Dezember 2022 12:29';44;85;0;1
320;320;3;5;'07. Dezember 2022 12:30';51;85;0;2
321;321;0;4;'07. Dezember 2022 13:30';3;2;50;1
322;322;1;2;'07. Dezember 2022 13:31';6;5;20;4
323;323;0;4;'07. Dezember 2022 14:32';3;2;50;1
324;324;2;1;'07. Dezember 2022 14:36';4136;7200;1;4
325;325;1;4;'07. Dezember 2022 15:36';3;2;50;2
326;326;2;0;'07. Dezember 2022 16:40';21;15;53;4
327;327;3;0;'07. Dezember 2022 16:41';32;15;80;2
328;328;1;2;'07. Dezember 2022 16:46';10;5;33;3
329;329;2;1;'07. Dezember 2022 17:51';3799;7200;1;3
330;330;2;2;'07. Dezember 2022 17:54';5;5;17;4
331;331;2;2;'07. Dezember 2022 18:55';5;5;17;2
332;332;1;2;'07. Dezember 2022 18:57';8;5;27;2
333;333;0;4;'07. Dezember 2022 19:62';3;2;50;4
334;334;3;0;'07. Dezember 2022 19:00';26;15;65;1
335;335;2;2;'07. Dezember 2022 20:02';8;5;27;1
336;336;3;3;'07. Dezember 2022 21:04';4;3;7;2
337;337;2;5;'07. Dezember 2022 21:07';51;85;0;3
338;338;1;1;'07. Dezember 2022 22:11';4489;7200;2;3
339;339;1;0;'07. Dezember 2022 22:16';42;15;105;3
340;340;1;2;'07. Dezember 2022 23:17';8;5;27;4
341;341;2;4;'07. Dezember 2022 23:18';4;2;67;3
342;342;3;3;'07. Dezember 2022 23:20';4;3;7;1
343;343;1;4;'08. Dezember 2022 00:22';3;2;50;1
344;344;2;0;'08. Dezember 2022 01:27';33;15;83;1
345;345;1;2;'08. Dezember 2022 02:31';9;5;30;3
346;346;2;2;'08. Dezember 2022 03:31';8;5;27;3
347;347;0;5;'08. Dezember 2022 03:34';60;85;0;3
348;348;3;1;'08. Dezember 2022 04:34';5174;7200;2;4
349;349;0;2;'08. Dezember 2022 05:36';6;5;20;1
350;350;0;6;'08. Dezember 2022 05:36';6;2;8;1
351;351;2;4;'08. Dezember 2022 05:41';2;2;33;4
352;352;2;3;'08. Dezember 2022 06:46';4;3;7;4
353;353;2;4;'08. Dezember 2022 06:49';4;2;67;3
354;354;1;5;'08. Dezember 2022 07:53';74;85;0;0
355;355;1;2;'08. Dezember 2022 08:57';5;5;17;3
356;356;2;3;'08. Dezember 2022 08:61';4;3;7;3
357;357;3;1;'08. Dezember 2022 08:01';4493;7200;2;1
358;358;0;2;'08. Dezember 2022 09:01';10;5;33;1
359;359;2;6;'08. Dezember 2022 09:01';6;2;8;3
360;360;0;1;'08. Dezember 2022 10:02';4174;7200;1;4
361;361;2;3;'08. Dezember 2022 10:07';6;3;10;4
362;362;2;5;'08. Dezember 2022 11:09';43;85;0;1
363;363;2;1;'08. Dezember 2022 12:10';5180;7200;2;2
364;364;2;6;'08. Dezember 2022 12:15';9;2;12;5
365;365;1;6;'08. Dezember 2022 12:19';6;2;8;0
366;366;2;0;'08. Dezember 2022 12:19';32;15;80;4
367;367;3;2;'08. Dezember 2022 13:22';7;5;23;4
368;368;1;2;'08. Dezember 2022 14:22';6;5;20;4
369;369;2;0;'08. Dezember 2022 14:26';28;15;70;2
370;370;2;4;'08. Dezember 2022 14:26';3;2;50;1
371;371;1;1;'08. Dezember 2022 15:30';3180;7200;1;4
372;372;0;6;'08. Dezember 2022 15:34';8;2;11;0
373;373;1;6;'08. Dezember 2022 16:34';8;2;11;2
374;374;2;3;'08. Dezember 2022 17:34';5;3;8;0
375;375;3;1;'08. Dezember 2022 18:38';4292;7200;1;0
376;376;1;6;'08. Dezember 2022 18:43';9;2;12;3
377;377;3;5;'08. Dezember 2022 19:45';48;85;0;2
378;378;3;2;'08. Dezember 2022 20:47';9;5;30;3
379;379;2;4;'08. Dezember 2022 20:50';3;2;50;2
380;380;1;0;'08. Dezember 2022 20:52';39;15;98;1
381;381;1;3;'08. Dezember 2022 21:57';3;3;5;4
382;382;1;4;'08. Dezember 2022 22:60';4;2;67;3
383;383;3;3;'08. Dezember 2022 22:01';6;3;10;1
384;384;1;4;'08. Dezember 2022 22:05';3;2;50;3
385;385;2;0;'08. Dezember 2022 22:07';34;15;85;2
386;386;0;0;'08. Dezember 2022 23:08';37;15;93;1
387;387;1;3;'09. Dezember 2022 01:11';4;3;7;5
388;388;2;2;'09. Dezember 2022 01:12';6;5;20;2
389;389;2;2;'09. Dezember 2022 01:15';6;5;20;1
390;390;2;6;'09. Dezember 2022 02:15';7;2;9;1
391;391;1;3;'09. Dezember 2022 03:18';5;3;8;5
392;392;0;3;'09. Dezember 2022 03:19';6;3;10;2
393;393;1;5;'09. Dezember 2022 03:24';55;85;0;5
394;394;2;1;'09. Dezember 2022 04:27';5683;7200;2;4
395;395;2;3;'09. Dezember 2022 04:32';4;3;7;4
396;396;1;5;'09. Dezember 2022 05:33';44;85;0;3
397;397;1;3;'09. Dezember 2022 06:37';4;3;7;1
398;398;1;4;'09. Dezember 2022 06:42';3;2;50;1
399;399;2;0;'09. Dezember 2022 06:43';32;15;80;1
400;400;2;3;'09. Dezember 2022 07:45';4;3;7;4
401;401;0;4;'09. Dezember 2022 08:47';3;2;50;2
402;402;2;2;'09. Dezember 2022 08:52';9;5;30;4
403;403;1;1;'09. Dezember 2022 09:55';5449;7200;2;3
404;404;1;2;'09. Dezember 2022 09:57';9;5;30;2
405;405;0;2;'09. Dezember 2022 10:60';7;5;23;1
406;406;2;1;'09. Dezember 2022 10:01';4946;7200;2;1
407;407;1;0;'09. Dezember 2022 10:01';35;15;88;3
408;408;2;5;'09. Dezember 2022 10:04';64;85;0;1
409;409;2;4;'09. Dezember 2022 11:05';4;2;67;2
410;410;3;4;'09. Dezember 2022 12:06';2;2;33;3
411;411;2;5;'09. Dezember 2022 13:10';74;85;0;4
412;412;2;4;'09. Dezember 2022 13:13';4;2;67;2
413;413;1;2;'09. Dezember 2022 14:14';9;5;30;2
414;414;1;5;'09. Dezember 2022 14:15';50;85;0;5
415;415;0;5;'09. Dezember 2022 14:20';73;85;0;2
416;416;2;1;'09. Dezember 2022 15:20';3713;7200;1;0
417;417;1;2;'09. Dezember 2022 15:24';8;5;27;1
418;418;2;0;'09. Dezember 2022 15:26';29;15;73;5
419;419;2;5;'09. Dezember 2022 15:28';72;85;0;0
420;420;1;3;'09. Dezember 2022 16:30';4;3;7;1
421;421;0;1;'09. Dezember 2022 16:31';3218;7200;1;3
422;422;2;1;'09. Dezember 2022 17:33';3737;7200;1;4
423;423;2;1;'09. Dezember 2022 18:36';4735;7200;2;2
424;424;2;3;'09. Dezember 2022 18:40';5;3;8;0
425;425;1;1;'09. Dezember 2022 18:40';3585;7200;1;1
426;426;2;0;'09. Dezember 2022 19:45';36;15;90;2
427;427;0;2;'09. Dezember 2022 20:47';8;5;27;1
428;428;2;4;'09. Dezember 2022 20:47';2;2;33;5
429;429;3;5;'09. Dezember 2022 21:48';47;85;0;3
430;430;1;5;'09. Dezember 2022 21:49';54;85;0;1
431;431;2;4;'09. Dezember 2022 21:51';4;2;67;3
432;432;1;0;'09. Dezember 2022 21:55';42;15;105;1
433;433;3;4;'09. Dezember 2022 22:59';2;2;33;1
434;434;1;1;'09. Dezember 2022 22:01';3461;7200;1;3
435;435;3;3;'09. Dezember 2022 23:03';5;3;8;1
436;436;2;5;'09. Dezember 2022 23:03';75;85;0;5
437;437;3;3;'10. Dezember 2022 01:05';4;3;7;4
438;438;0;1;'10. Dezember 2022 02:07';5032;7200;2;4
439;439;1;5;'10. Dezember 2022 03:11';70;85;0;4
440;440;3;5;'10. Dezember 2022 04:16';78;85;0;1
441;441;3;4;'10. Dezember 2022 04:18';2;2;33;2
442;442;2;5;'10. Dezember 2022 04:22';76;85;0;2
443;443;1;4;'10. Dezember 2022 05:27';2;2;33;0
444;444;3;2;'10. Dezember 2022 05:31';8;5;27;2
445;445;2;2;'10. Dezember 2022 06:32';8;5;27;1
446;446;1;0;'10. Dezember 2022 06:33';39;15;98;5
447;447;2;5;'10. Dezember 2022 06:38';73;85;0;5
448;448;1;3;'10. Dezember 2022 07:41';3;3;5;1
449;449;3;0;'10. Dezember 2022 07:44';28;15;70;3
450;450;1;4;'10. Dezember 2022 08:47';4;2;67;0
451;451;3;0;'10. Dezember 2022 09:48';36;15;90;1
452;452;2;2;'10. Dezember 2022 09:48';8;5;27;0
453;453;0;0;'10. Dezember 2022 09:52';22;15;55;2
454;454;2;3;'10. Dezember 2022 10:56';5;3;8;0
455;455;1;2;'10. Dezember 2022 10:59';9;5;30;1
456;456;2;2;'10. Dezember 2022 11:01';7;5;23;5
457;457;2;6;'10. Dezember 2022 12:03';6;2;8;1
458;458;2;3;'10. Dezember 2022 12:04';4;3;7;2
459;459;2;4;'10. Dezember 2022 12:04';3;2;50;2
460;460;1;4;'10. Dezember 2022 12:05';3;2;50;2
461;461;1;4;'10. Dezember 2022 13:06';2;2;33;1
462;462;1;0;'10. Dezember 2022 13:10';41;15;103;1
463;463;3;1;'10. Dezember 2022 13:10';3252;7200;1;2
464;464;2;2;'10. Dezember 2022 14:13';6;5;20;5
465;465;1;4;'10. Dezember 2022 14:15';4;2;67;4
466;466;0;1;'10. Dezember 2022 14:16';5726;7200;2;3
467;467;2;3;'10. Dezember 2022 14:18';4;3;7;0
468;468;1;5;'10. Dezember 2022 15:21';56;85;0;2
469;469;0;3;'10. Dezember 2022 16:26';4;3;7;4
470;470;0;1;'10. Dezember 2022 16:28';3085;7200;1;4
471;471;1;4;'10. Dezember 2022 17:30';4;2;67;4
472;472;1;4;'10. Dezember 2022 18:33';4;2;67;4
473;473;2;3;'10. Dezember 2022 19:37';5;3;8;3
474;474;2;1;'10. Dezember 2022 19:39';5563;7200;2;4
475;475;2;0;'10. Dezember 2022 20:43';30;15;75;1
476;476;1;5;'10. Dezember 2022 20:47';70;85;0;3
477;477;1;1;'10. Dezember 2022 21:47';4297;7200;1;4
478;478;1;2;'10. Dezember 2022 21:51';7;5;23;5
479;479;2;0;'10. Dezember 2022 21:56';37;15;93;2
480;480;1;0;'10. Dezember 2022 22:58';39;15;98;3
481;481;3;4;'10. Dezember 2022 22:60';4;2;67;2
482;482;2;2;'10. Dezember 2022 23:01';9;5;30;1
483;483;1;5;'10. Dezember 2022 23:02';72;85;0;4
484;484;0;6;'11. Dezember 2022 00:03';7;2;9;4
485;485;2;1;'11. Dezember 2022 00:07';3977;7200;1;1
486;486;0;5;'11. Dezember 2022 01:07';76;85;0;4
487;487;2;4;'11. Dezember 2022 01:11';3;2;50;4
488;488;3;2;'11. Dezember 2022 02:12';7;5;23;4
489;489;2;5;'11. Dezember 2022 02:14';44;85;0;3
490;490;2;0;'11. Dezember 2022 02:18';41;15;103;1
491;491;1;0;'11. Dezember 2022 03:18';42;15;105;0
492;492;1;4;'11. Dezember 2022 03:19';3;2;50;1
493;493;0;3;'11. Dezember 2022 03:21';3;3;5;3
494;494;1;5;'11. Dezember 2022 04:23';50;85;0;3
495;495;2;4;'11. Dezember 2022 05:27';3;2;50;2
496;496;1;3;'11. Dezember 2022 05:30';5;3;8;2
497;497;1;4;'11. Dezember 2022 06:32';4;2;67;1
498;498;1;2;'11. Dezember 2022 06:33';5;5;17;3
499;499;0;3;'11. Dezember 2022 07:37';5;3;8;1
500;500;3;4;'11. Dezember 2022 07:41';4;2;67;0
501;501;2;5;'11. Dezember 2022 08:43';55;85;0;2
502;502;2;5;'11. Dezember 2022 09:44';49;85;0;2
503;503;2;0;'11. Dezember 2022 10:49';30;15;75;4
504;504;2;5;'11. Dezember 2022 11:53';48;85;0;3
505;505;1;2;'11. Dezember 2022 11:53';7;5;23;4
506;506;2;2;'11. Dezember 2022 11:57';10;5;33;2
507;507;2;4;'11. Dezember 2022 12:59';3;2;50;5
508;508;1;5;'11. Dezember 2022 12:00';57;85;0;1
509;509;0;4;'11. Dezember 2022 13:05';4;2;67;1
510;510;3;5;'11. Dezember 2022 14:05';56;85;0;4
511;511;1;1;'11. Dezember 2022 14:06';4063;7200;1;1
512;512;1;1;'11. Dezember 2022 15:09';3119;7200;1;4
513;513;1;4;'11. Dezember 2022 15:10';2;2;33;3
514;514;2;3;'11. Dezember 2022 15:10';3;3;5;1
515;515;2;5;'11. Dezember 2022 16:12';73;85;0;4
516;516;1;5;'11. Dezember 2022 17:14';80;85;0;3
517;517;1;3;'11. Dezember 2022 17:14';4;3;7;1
518;518;1;0;'11. Dezember 2022 18:15';39;15;98;4
519;519;0;0;'11. Dezember 2022 19:15';25;15;63;2
520;520;2;1;'11. Dezember 2022 19:18';5978;7200;2;1
521;521;0;4;'11. Dezember 2022 19:21';3;2;50;1
522;522;0;4;'11. Dezember 2022 19:21';3;2;50;4
523;523;1;0;'11. Dezember 2022 19:25';29;15;73;1
524;524;0;2;'11. Dezember 2022 20:29';9;5;30;2
525;525;2;2;'11. Dezember 2022 20:33';7;5;23;1
526;526;2;1;'11. Dezember 2022 20:35';4720;7200;2;1
527;527;1;1;'11. Dezember 2022 21:35';4343;7200;2;1
528;528;1;4;'11. Dezember 2022 21:38';3;2;50;3
529;529;3;2;'11. Dezember 2022 21:40';9;5;30;4
530;530;2;4;'11. Dezember 2022 22:40';4;2;67;3
531;531;2;3;'11. Dezember 2022 23:44';5;3;8;3
532;532;2;1;'12. Dezember 2022 01:49';4203;7200;1;1
533;533;2;4;'12. Dezember 2022 01:51';3;2;50;2
534;534;1;4;'12. Dezember 2022 02:53';3;2;50;5
535;535;0;4;'12. Dezember 2022 03:54';3;2;50;4
536;536;1;5;'12. Dezember 2022 03:58';75;85;0;0
537;537;1;1;'12. Dezember 2022 04:58';4974;7200;2;5
538;538;3;5;'12. Dezember 2022 05:62';41;85;0;2
539;539;1;3;'12. Dezember 2022 05:01';5;3;8;0
540;540;2;6;'12. Dezember 2022 06:05';9;2;12;3
541;541;3;4;'12. Dezember 2022 06:09';2;2;33;4
542;542;2;1;'12. Dezember 2022 07:12';5263;7200;2;1
543;543;1;1;'12. Dezember 2022 08:13';5828;7200;2;1
544;544;2;6;'12. Dezember 2022 08:14';6;2;8;2
545;545;1;5;'12. Dezember 2022 09:15';78;85;0;2
546;546;2;0;'12. Dezember 2022 09:15';32;15;80;1
547;547;2;2;'12. Dezember 2022 10:20';7;5;23;3
548;548;0;4;'12. Dezember 2022 10:24';3;2;50;3
549;549;0;1;'12. Dezember 2022 10:26';5030;7200;2;3
550;550;1;1;'12. Dezember 2022 11:26';5846;7200;2;2
551;551;2;1;'12. Dezember 2022 11:28';5154;7200;2;1
552;552;1;3;'12. Dezember 2022 12:31';4;3;7;1
553;553;0;4;'12. Dezember 2022 12:32';2;2;33;3
554;554;2;5;'12. Dezember 2022 13:35';77;85;0;1
555;555;1;5;'12. Dezember 2022 13:37';75;85;0;2
556;556;1;1;'12. Dezember 2022 13:38';5834;7200;2;2
557;557;3;2;'12. Dezember 2022 13:43';9;5;30;2
558;558;0;4;'12. Dezember 2022 14:47';3;2;50;5
559;559;2;1;'12. Dezember 2022 14:51';5749;7200;2;4
560;560;2;3;'12. Dezember 2022 15:51';3;3;5;1
561;561;2;4;'12. Dezember 2022 15:51';3;2;50;4
562;562;0;5;'12. Dezember 2022 16:55';60;85;0;3
563;563;3;1;'12. Dezember 2022 17:60';3463;7200;1;3
564;564;0;2;'12. Dezember 2022 17:00';6;5;20;2
565;565;2;4;'12. Dezember 2022 18:01';2;2;33;1
566;566;3;0;'12. Dezember 2022 18:02';30;15;75;3
567;567;3;5;'12. Dezember 2022 18:07';43;85;0;3
568;568;3;5;'12. Dezember 2022 19:12';65;85;0;1
569;569;2;1;'12. Dezember 2022 20:14';4077;7200;1;5
570;570;1;4;'12. Dezember 2022 20:15';3;2;50;2
571;571;0;1;'12. Dezember 2022 21:18';4879;7200;2;1
572;572;2;1;'12. Dezember 2022 21:19';4074;7200;1;4
573;573;3;5;'12. Dezember 2022 22:21';72;85;0;4
574;574;0;2;'12. Dezember 2022 22:23';7;5;23;5
575;575;2;2;'12. Dezember 2022 23:23';9;5;30;1
576;576;1;5;'12. Dezember 2022 23:27';79;85;0;4
577;577;1;2;'12. Dezember 2022 23:30';8;5;27;1
578;578;3;4;'12. Dezember 2022 23:32';4;2;67;1
579;579;2;5;'13. Dezember 2022 00:32';68;85;0;5
580;580;0;0;'13. Dezember 2022 01:33';38;15;95;1
581;581;2;3;'13. Dezember 2022 01:35';5;3;8;4
582;582;3;4;'13. Dezember 2022 02:39';3;2;50;5
583;583;3;5;'13. Dezember 2022 02:43';60;85;0;0
584;584;1;1;'13. Dezember 2022 03:47';5688;7200;2;2
585;585;2;2;'13. Dezember 2022 04:52';6;5;20;3
586;586;2;3;'13. Dezember 2022 04:54';4;3;7;3
587;587;3;4;'13. Dezember 2022 05:58';3;2;50;4
588;588;2;6;'13. Dezember 2022 05:62';8;2;11;4
589;589;0;3;'13. Dezember 2022 06:01';5;3;8;4
590;590;0;2;'13. Dezember 2022 06:01';5;5;17;5
591;591;1;6;'13. Dezember 2022 06:03';8;2;11;0
592;592;2;1;'13. Dezember 2022 07:07';4980;7200;2;5
593;593;1;1;'13. Dezember 2022 07:10';5939;7200;2;2
594;594;3;6;'13. Dezember 2022 08:14';7;2;9;4
595;595;2;5;'13. Dezember 2022 08:19';66;85;0;1
596;596;0;6;'13. Dezember 2022 09:22';8;2;11;2
597;597;2;4;'13. Dezember 2022 09:25';3;2;50;2
598;598;1;0;'13. Dezember 2022 10:28';29;15;73;2
599;599;2;5;'13. Dezember 2022 11:31';48;85;0;4
600;600;2;1;'13. Dezember 2022 11:33';5791;7200;2;3
601;601;1;3;'13. Dezember 2022 12:36';5;3;8;5
602;602;2;2;'13. Dezember 2022 12:40';6;5;20;3
603;603;3;3;'13. Dezember 2022 13:41';4;3;7;0
604;604;1;4;'13. Dezember 2022 13:44';3;2;50;1
605;605;0;0;'13. Dezember 2022 13:46';34;15;85;4
606;606;0;5;'13. Dezember 2022 14:51';67;85;0;1
607;607;1;5;'13. Dezember 2022 14:53';66;85;0;3
608;608;1;4;'13. Dezember 2022 15:57';3;2;50;1
609;609;0;1;'13. Dezember 2022 15:61';3904;7200;1;2
610;610;1;5;'13. Dezember 2022 15:01';58;85;0;3
611;611;1;5;'13. Dezember 2022 15:03';79;85;0;1
612;612;1;3;'13. Dezember 2022 16:04';5;3;8;2
613;613;0;4;'13. Dezember 2022 17:05';2;2;33;2
614;614;1;1;'13. Dezember 2022 17:06';4693;7200;2;1
615;615;1;6;'13. Dezember 2022 18:10';6;2;8;4
616;616;0;1;'13. Dezember 2022 18:12';3261;7200;1;5
617;617;1;2;'13. Dezember 2022 18:16';9;5;30;2
618;618;2;4;'13. Dezember 2022 18:17';3;2;50;1
619;619;3;4;'13. Dezember 2022 19:22';2;2;33;3
620;620;1;4;'13. Dezember 2022 19:26';2;2;33;1
621;621;0;3;'13. Dezember 2022 19:31';5;3;8;2
622;622;3;4;'13. Dezember 2022 19:32';3;2;50;4
623;623;2;2;'13. Dezember 2022 20:33';6;5;20;2
624;624;2;0;'13. Dezember 2022 20:37';36;15;90;0
625;625;0;2;'13. Dezember 2022 20:37';8;5;27;3
626;626;1;5;'13. Dezember 2022 20:41';61;85;0;0
627;627;1;3;'13. Dezember 2022 21:41';6;3;10;2
628;628;1;2;'13. Dezember 2022 21:45';10;5;33;4
629;629;1;2;'13. Dezember 2022 21:47';7;5;23;3
630;630;2;3;'13. Dezember 2022 22:48';3;3;5;1
631;631;2;2;'13. Dezember 2022 22:48';8;5;27;2
632;632;1;3;'13. Dezember 2022 23:49';4;3;7;5
633;633;3;3;'13. Dezember 2022 23:53';4;3;7;3
634;634;2;0;'14. Dezember 2022 01:55';33;15;83;3
635;635;2;3;'14. Dezember 2022 01:55';3;3;5;0
636;636;2;6;'14. Dezember 2022 02:60';5;2;7;2
637;637;1;1;'14. Dezember 2022 03:00';4340;7200;2;3
638;638;2;4;'14. Dezember 2022 03:01';3;2;50;3
639;639;2;6;'14. Dezember 2022 04:04';8;2;11;1
640;640;1;6;'14. Dezember 2022 05:07';7;2;9;3
641;641;0;4;'14. Dezember 2022 05:09';4;2;67;4
642;642;0;3;'14. Dezember 2022 05:11';5;3;8;3
643;643;2;1;'14. Dezember 2022 05:15';3555;7200;1;3
644;644;1;5;'14. Dezember 2022 05:19';62;85;0;5
645;645;2;2;'14. Dezember 2022 06:21';8;5;27;2
646;646;2;5;'14. Dezember 2022 06:22';75;85;0;4
647;647;1;4;'14. Dezember 2022 07:26';3;2;50;2
648;648;2;3;'14. Dezember 2022 07:28';3;3;5;3
649;649;3;3;'14. Dezember 2022 08:32';4;3;7;4
650;650;3;1;'14. Dezember 2022 08:35';3445;7200;1;3
651;651;1;2;'14. Dezember 2022 09:35';7;5;23;2
652;652;2;3;'14. Dezember 2022 10:39';3;3;5;5
653;653;3;4;'14. Dezember 2022 10:44';3;2;50;4
654;654;2;5;'14. Dezember 2022 11:49';41;85;0;2
655;655;1;6;'14. Dezember 2022 11:51';10;2;13;1
656;656;2;4;'14. Dezember 2022 12:55';2;2;33;4
657;657;2;3;'14. Dezember 2022 12:56';4;3;7;2
658;658;2;5;'14. Dezember 2022 12:57';55;85;0;3
659;659;1;1;'14. Dezember 2022 13:59';4115;7200;1;0
660;660;1;5;'14. Dezember 2022 14:60';78;85;0;0
661;661;1;5;'14. Dezember 2022 14:00';55;85;0;3
662;662;0;4;'14. Dezember 2022 15:02';3;2;50;4
663;663;1;5;'14. Dezember 2022 16:07';61;85;0;0
664;664;2;0;'14. Dezember 2022 16:10';28;15;70;3
665;665;1;1;'14. Dezember 2022 17:13';3474;7200;1;3
666;666;3;1;'14. Dezember 2022 17:14';5217;7200;2;2
667;667;1;4;'14. Dezember 2022 18:15';3;2;50;3
668;668;3;1;'14. Dezember 2022 18:17';4260;7200;1;3
669;669;2;2;'14. Dezember 2022 19:20';7;5;23;2
670;670;2;0;'14. Dezember 2022 19:21';29;15;73;3
671;671;2;4;'14. Dezember 2022 19:24';4;2;67;3
672;672;2;4;'14. Dezember 2022 20:26';2;2;33;2
673;673;0;4;'14. Dezember 2022 20:31';3;2;50;4
674;674;3;3;'14. Dezember 2022 21:36';4;3;7;2
675;675;3;1;'14. Dezember 2022 22:37';3423;7200;1;1
676;676;0;2;'14. Dezember 2022 22:38';8;5;27;1
677;677;3;1;'14. Dezember 2022 23:40';3193;7200;1;3
678;678;1;4;'14. Dezember 2022 23:42';3;2;50;1
679;679;1;2;'15. Dezember 2022 00:44';8;5;27;3
680;680;2;5;'15. Dezember 2022 01:45';54;85;0;0
681;681;1;0;'15. Dezember 2022 01:49';22;15;55;1
682;682;2;1;'15. Dezember 2022 01:50';5417;7200;2;3
683;683;1;3;'15. Dezember 2022 01:50';5;3;8;4
684;684;0;2;'15. Dezember 2022 02:53';6;5;20;3
685;685;3;1;'15. Dezember 2022 02:55';4319;7200;1;1
686;686;2;0;'15. Dezember 2022 03:57';40;15;100;3
687;687;1;6;'15. Dezember 2022 03:62';9;2;12;3
688;688;3;3;'15. Dezember 2022 03:00';4;3;7;0
689;689;0;2;'15. Dezember 2022 04:02';6;5;20;0
690;690;3;1;'15. Dezember 2022 05:05';3099;7200;1;3
691;691;2;5;'15. Dezember 2022 05:10';47;85;0;2
692;692;0;4;'15. Dezember 2022 06:12';2;2;33;1
693;693;2;2;'15. Dezember 2022 06:12';9;5;30;5
694;694;2;5;'15. Dezember 2022 07:16';58;85;0;3
695;695;0;3;'15. Dezember 2022 07:20';6;3;10;2
696;696;3;5;'15. Dezember 2022 08:22';74;85;0;1
697;697;1;0;'15. Dezember 2022 08:24';42;15;105;2
698;698;3;5;'15. Dezember 2022 09:25';55;85;0;4
699;699;3;4;'15. Dezember 2022 09:27';3;2;50;2
700;700;2;5;'15. Dezember 2022 10:28';44;85;0;1
701;701;1;6;'15. Dezember 2022 10:30';7;2;9;2
702;702;2;2;'15. Dezember 2022 11:32';7;5;23;3
703;703;2;5;'15. Dezember 2022 12:36';55;85;0;1
704;704;2;2;'15. Dezember 2022 12:37';10;5;33;0
705;705;3;4;'15. Dezember 2022 13:42';4;2;67;0
706;706;1;0;'15. Dezember 2022 13:44';41;15;103;4
707;707;3;4;'15. Dezember 2022 14:45';4;2;67;2
708;708;1;3;'15. Dezember 2022 14:50';5;3;8;2
709;709;2;5;'15. Dezember 2022 15:52';78;85;0;2
710;710;1;5;'15. Dezember 2022 16:54';46;85;0;1
711;711;3;1;'15. Dezember 2022 16:54';3397;7200;1;5
712;712;3;1;'15. Dezember 2022 17:58';4801;7200;2;2
713;713;1;2;'15. Dezember 2022 17:59';8;5;27;4
714;714;0;4;'15. Dezember 2022 18:61';4;2;67;0
715;715;1;5;'15. Dezember 2022 19:00';41;85;0;2
716;716;2;6;'15. Dezember 2022 19:02';9;2;12;1
717;717;3;3;'15. Dezember 2022 19:06';6;3;10;3
718;718;1;3;'15. Dezember 2022 20:10';4;3;7;5
719;719;2;1;'15. Dezember 2022 21:12';5138;7200;2;4
720;720;1;4;'15. Dezember 2022 21:13';3;2;50;4
721;721;2;0;'15. Dezember 2022 22:16';24;15;60;4
722;722;1;3;'15. Dezember 2022 23:18';3;3;5;3
723;723;2;6;'15. Dezember 2022 23:20';5;2;7;2
724;724;3;4;'16. Dezember 2022 00:24';4;2;67;2
725;725;2;3;'16. Dezember 2022 01:25';3;3;5;4
726;726;0;3;'16. Dezember 2022 01:27';4;3;7;4
727;727;3;3;'16. Dezember 2022 01:29';5;3;8;2
728;728;3;0;'16. Dezember 2022 02:30';33;15;83;4
729;729;2;3;'16. Dezember 2022 02:31';3;3;5;3
730;730;0;6;'16. Dezember 2022 02:32';9;2;12;1
731;731;1;5;'16. Dezember 2022 03:35';78;85;0;1
732;732;0;4;'16. Dezember 2022 03:36';4;2;67;3
733;733;2;0;'16. Dezember 2022 03:39';42;15;105;4
734;734;1;2;'16. Dezember 2022 04:42';9;5;30;1
735;735;2;3;'16. Dezember 2022 04:43';4;3;7;0
736;736;2;5;'16. Dezember 2022 05:44';55;85;0;4
737;737;2;1;'16. Dezember 2022 06:48';5617;7200;2;3
738;738;0;2;'16. Dezember 2022 06:48';6;5;20;4
739;739;0;2;'16. Dezember 2022 06:51';7;5;23;1
740;740;0;4;'16. Dezember 2022 06:55';2;2;33;5
741;741;1;2;'16. Dezember 2022 07:56';8;5;27;3
742;742;1;2;'16. Dezember 2022 07:60';6;5;20;3
743;743;2;6;'16. Dezember 2022 08:01';8;2;11;1
744;744;1;2;'16. Dezember 2022 08:02';7;5;23;1
745;745;1;3;'16. Dezember 2022 09:06';3;3;5;1
746;746;0;1;'16. Dezember 2022 09:08';4827;7200;2;1
747;747;0;5;'16. Dezember 2022 10:09';72;85;0;5
748;748;1;0;'16. Dezember 2022 11:13';34;15;85;3
749;749;0;1;'16. Dezember 2022 12:15';5680;7200;2;4
750;750;1;0;'16. Dezember 2022 12:16';23;15;58;0
751;751;1;1;'16. Dezember 2022 13:21';4565;7200;2;5
752;752;0;1;'16. Dezember 2022 14:24';4391;7200;2;1
753;753;1;4;'16. Dezember 2022 14:26';2;2;33;2
754;754;1;0;'16. Dezember 2022 15:28';41;15;103;1
755;755;2;3;'16. Dezember 2022 16:33';4;3;7;1
756;756;2;3;'16. Dezember 2022 17:34';5;3;8;3
757;757;0;2;'16. Dezember 2022 17:35';10;5;33;3
758;758;1;4;'16. Dezember 2022 17:39';3;2;50;4
759;759;3;0;'16. Dezember 2022 17:40';24;15;60;1
760;760;2;2;'16. Dezember 2022 18:40';10;5;33;4
761;761;1;4;'16. Dezember 2022 18:44';4;2;67;4
762;762;2;1;'16. Dezember 2022 18:45';5621;7200;2;3
763;763;2;5;'16. Dezember 2022 19:46';46;85;0;5
764;764;3;1;'16. Dezember 2022 20:47';4875;7200;2;2
765;765;2;3;'16. Dezember 2022 20:48';5;3;8;2
766;766;1;1;'16. Dezember 2022 20:52';4393;7200;2;1
767;767;2;1;'16. Dezember 2022 21:53';3685;7200;1;3
768;768;2;3;'16. Dezember 2022 22:53';4;3;7;1
769;769;1;2;'16. Dezember 2022 22:56';6;5;20;2
770;770;3;3;'16. Dezember 2022 23:58';6;3;10;5
771;771;2;2;'16. Dezember 2022 24:62';9;5;30;0
772;772;3;1;'17. Dezember 2022 00:00';4301;7200;1;1
773;773;2;4;'17. Dezember 2022 01:04';4;2;67;4
774;774;1;2;'17. Dezember 2022 02:04';10;5;33;5
775;775;0;4;'17. Dezember 2022 02:04';3;2;50;2
776;776;3;4;'17. Dezember 2022 03:07';3;2;50;3
777;777;1;5;'17. Dezember 2022 03:11';44;85;0;2
778;778;2;1;'17. Dezember 2022 03:13';3852;7200;1;3
779;779;3;3;'17. Dezember 2022 03:16';5;3;8;2
780;780;1;3;'17. Dezember 2022 04:17';4;3;7;2
781;781;1;5;'17. Dezember 2022 04:21';43;85;0;0
782;782;0;5;'17. Dezember 2022 04:23';56;85;0;3
783;783;2;2;'17. Dezember 2022 05:23';6;5;20;1
784;784;1;4;'17. Dezember 2022 05:27';3;2;50;2
785;785;2;0;'17. Dezember 2022 05:29';26;15;65;0
786;786;1;3;'17. Dezember 2022 06:30';4;3;7;3
787;787;0;2;'17. Dezember 2022 06:31';7;5;23;1
788;788;3;1;'17. Dezember 2022 07:32';3188;7200;1;2
789;789;2;4;'17. Dezember 2022 07:33';3;2;50;4
790;790;2;1;'17. Dezember 2022 08:36';4514;7200;2;3
791;791;1;2;'17. Dezember 2022 09:36';8;5;27;5
792;792;0;1;'17. Dezember 2022 09:41';5543;7200;2;2
793;793;1;5;'17. Dezember 2022 09:44';55;85;0;1
794;794;2;0;'17. Dezember 2022 10:48';38;15;95;4
795;795;3;3;'17. Dezember 2022 10:51';5;3;8;4
796;796;0;4;'17. Dezember 2022 11:54';2;2;33;5
797;797;1;4;'17. Dezember 2022 11:55';2;2;33;1
798;798;2;1;'17. Dezember 2022 12:56';5235;7200;2;3
799;799;2;2;'17. Dezember 2022 12:57';9;5;30;4
800;800;1;3;'17. Dezember 2022 12:61';6;3;10;2
801;801;1;5;'17. Dezember 2022 13:00';58;85;0;3
802;802;3;5;'17. Dezember 2022 13:01';54;85;0;4
803;803;2;4;'17. Dezember 2022 13:04';4;2;67;4
804;804;1;5;'17. Dezember 2022 14:06';71;85;0;0
805;805;1;5;'17. Dezember 2022 15:08';41;85;0;3
806;806;3;5;'17. Dezember 2022 15:09';47;85;0;5
807;807;2;1;'17. Dezember 2022 15:14';4753;7200;2;0
808;808;1;2;'17. Dezember 2022 16:16';10;5;33;3
809;809;3;5;'17. Dezember 2022 16:16';75;85;0;3
810;810;3;3;'17. Dezember 2022 16:19';4;3;7;4
811;811;1;5;'17. Dezember 2022 16:20';79;85;0;1
812;812;1;6;'17. Dezember 2022 16:23';9;2;12;2
813;813;1;1;'17. Dezember 2022 17:26';4331;7200;2;4
814;814;3;1;'17. Dezember 2022 18:28';3568;7200;1;0
815;815;1;6;'17. Dezember 2022 18:31';6;2;8;1
816;816;2;5;'17. Dezember 2022 18:34';63;85;0;5
817;817;2;4;'17. Dezember 2022 19:35';3;2;50;5
818;818;1;1;'17. Dezember 2022 19:36';3036;7200;1;4
819;819;2;4;'17. Dezember 2022 19:41';3;2;50;3
820;820;3;2;'17. Dezember 2022 20:45';8;5;27;0
821;821;2;6;'17. Dezember 2022 20:48';6;2;8;1
822;822;1;4;'17. Dezember 2022 20:49';4;2;67;4
823;823;1;1;'17. Dezember 2022 21:53';3821;7200;1;0
824;824;3;2;'17. Dezember 2022 21:53';5;5;17;4
825;825;1;5;'17. Dezember 2022 22:55';65;85;0;3
826;826;1;4;'17. Dezember 2022 22:57';4;2;67;3
827;827;1;2;'17. Dezember 2022 23:61';5;5;17;2
828;828;2;5;'18. Dezember 2022 01:01';45;85;0;4
829;829;3;3;'18. Dezember 2022 01:02';6;3;10;1
830;830;1;6;'18. Dezember 2022 01:03';6;2;8;5
831;831;0;5;'18. Dezember 2022 02:07';57;85;0;1
832;832;2;1;'18. Dezember 2022 03:09';4014;7200;1;4
833;833;3;6;'18. Dezember 2022 04:12';8;2;11;3
834;834;1;2;'18. Dezember 2022 04:15';6;5;20;4
835;835;0;2;'18. Dezember 2022 05:16';6;5;20;3
836;836;3;6;'18. Dezember 2022 05:21';9;2;12;4
837;837;1;2;'18. Dezember 2022 05:23';7;5;23;1
838;838;3;1;'18. Dezember 2022 06:23';5893;7200;2;1
839;839;0;2;'18. Dezember 2022 06:26';8;5;27;0
840;840;1;1;'18. Dezember 2022 06:27';4487;7200;2;0
841;841;3;4;'18. Dezember 2022 07:31';2;2;33;3
842;842;0;4;'18. Dezember 2022 07:35';3;2;50;3
843;843;2;5;'18. Dezember 2022 08:39';63;85;0;1
844;844;2;1;'18. Dezember 2022 08:41';3803;7200;1;5
845;845;2;1;'18. Dezember 2022 09:42';4526;7200;2;3
846;846;2;4;'18. Dezember 2022 10:43';4;2;67;1
847;847;0;1;'18. Dezember 2022 11:47';3446;7200;1;1
848;848;2;5;'18. Dezember 2022 11:52';41;85;0;0
849;849;3;4;'18. Dezember 2022 12:56';3;2;50;4
850;850;1;2;'18. Dezember 2022 12:58';8;5;27;4
851;851;2;2;'18. Dezember 2022 12:61';8;5;27;2
852;852;1;1;'18. Dezember 2022 13:01';5289;7200;2;2
853;853;0;2;'18. Dezember 2022 14:03';9;5;30;4
854;854;2;2;'18. Dezember 2022 14:04';7;5;23;3
855;855;1;3;'18. Dezember 2022 14:08';4;3;7;4
856;856;2;0;'18. Dezember 2022 15:10';34;15;85;3
857;857;1;2;'18. Dezember 2022 16:13';6;5;20;4
858;858;0;5;'18. Dezember 2022 16:16';60;85;0;4
859;859;2;0;'18. Dezember 2022 16:16';24;15;60;3
860;860;1;6;'18. Dezember 2022 17:20';8;2;11;4
861;861;1;2;'18. Dezember 2022 18:21';10;5;33;3
862;862;2;3;'18. Dezember 2022 19:23';4;3;7;3
863;863;1;2;'18. Dezember 2022 19:24';9;5;30;2
864;864;3;5;'18. Dezember 2022 19:28';54;85;0;3
865;865;1;2;'18. Dezember 2022 20:30';6;5;20;5
866;866;1;2;'18. Dezember 2022 20:33';9;5;30;2
867;867;1;1;'18. Dezember 2022 20:34';4050;7200;1;3
868;868;1;1;'18. Dezember 2022 20:37';5797;7200;2;4
869;869;1;1;'18. Dezember 2022 21:42';3898;7200;1;1
870;870;1;2;'18. Dezember 2022 22:44';7;5;23;1
871;871;2;4;'18. Dezember 2022 22:45';3;2;50;5
872;872;3;2;'18. Dezember 2022 22:48';7;5;23;2
873;873;2;0;'18. Dezember 2022 23:51';31;15;78;3
874;874;2;4;'19. Dezember 2022 01:55';4;2;67;2
875;875;1;1;'19. Dezember 2022 01:56';4348;7200;2;5
876;876;1;2;'19. Dezember 2022 02:61';9;5;30;4
877;877;2;6;'19. Dezember 2022 02:00';9;2;12;4
878;878;3;5;'19. Dezember 2022 02:03';46;85;0;2
879;879;1;3;'19. Dezember 2022 02:04';5;3;8;3
880;880;3;5;'19. Dezember 2022 03:08';56;85;0;5
881;881;2;4;'19. Dezember 2022 04:10';4;2;67;0
882;882;0;0;'19. Dezember 2022 04:11';32;15;80;1
883;883;2;2;'19. Dezember 2022 05:13';9;5;30;0
884;884;1;3;'19. Dezember 2022 06:16';4;3;7;4
885;885;0;1;'19. Dezember 2022 06:20';5085;7200;2;2
886;886;0;2;'19. Dezember 2022 07:25';10;5;33;1
887;887;0;2;'19. Dezember 2022 07:26';5;5;17;4
888;888;1;5;'19. Dezember 2022 08:31';73;85;0;2
889;889;0;3;'19. Dezember 2022 09:32';6;3;10;3
890;890;2;2;'19. Dezember 2022 09:34';6;5;20;3
891;891;0;4;'19. Dezember 2022 10:37';4;2;67;5
892;892;3;4;'19. Dezember 2022 10:40';4;2;67;3
893;893;1;2;'19. Dezember 2022 11:42';8;5;27;1
894;894;0;5;'19. Dezember 2022 11:45';70;85;0;4
895;895;2;5;'19. Dezember 2022 12:47';48;85;0;0
896;896;2;0;'19. Dezember 2022 12:48';22;15;55;1
897;897;3;4;'19. Dezember 2022 12:52';3;2;50;5
898;898;2;4;'19. Dezember 2022 13:53';3;2;50;5
899;899;3;4;'19. Dezember 2022 13:57';3;2;50;5
900;900;3;5;'19. Dezember 2022 14:60';47;85;0;3
901;901;2;4;'19. Dezember 2022 15:00';3;2;50;5
902;902;1;3;'19. Dezember 2022 15:04';3;3;5;2
903;903;1;3;'19. Dezember 2022 16:05';4;3;7;4
904;904;0;3;'19. Dezember 2022 17:10';5;3;8;4
905;905;3;5;'19. Dezember 2022 17:12';44;85;0;3
906;906;3;3;'19. Dezember 2022 17:16';4;3;7;2
907;907;3;6;'19. Dezember 2022 18:19';9;2;12;5
908;908;0;3;'19. Dezember 2022 19:23';6;3;10;1
909;909;3;5;'19. Dezember 2022 20:25';68;85;0;1
910;910;1;0;'19. Dezember 2022 20:28';25;15;63;4
911;911;1;4;'19. Dezember 2022 21:31';4;2;67;0
912;912;0;3;'19. Dezember 2022 21:34';5;3;8;4
913;913;2;1;'19. Dezember 2022 22:35';5253;7200;2;2
914;914;0;2;'19. Dezember 2022 22:37';8;5;27;5
915;915;1;2;'19. Dezember 2022 23:39';7;5;23;1
916;916;0;4;'19. Dezember 2022 23:42';3;2;50;4
917;917;1;4;'20. Dezember 2022 00:44';3;2;50;1
918;918;3;0;'20. Dezember 2022 00:46';21;15;53;0
919;919;1;3;'20. Dezember 2022 01:50';4;3;7;3
920;920;1;4;'20. Dezember 2022 01:53';3;2;50;2
921;921;2;5;'20. Dezember 2022 02:54';79;85;0;4
922;922;1;4;'20. Dezember 2022 02:54';3;2;50;5
923;923;1;2;'20. Dezember 2022 03:58';7;5;23;3
924;924;1;3;'20. Dezember 2022 03:62';5;3;8;2
925;925;2;4;'20. Dezember 2022 04:01';4;2;67;3
926;926;0;3;'20. Dezember 2022 04:06';4;3;7;5
927;927;1;4;'20. Dezember 2022 05:06';3;2;50;4
928;928;1;1;'20. Dezember 2022 05:07';4651;7200;2;4
929;929;2;6;'20. Dezember 2022 06:11';5;2;7;1
930;930;1;1;'20. Dezember 2022 06:13';5578;7200;2;4
931;931;0;2;'20. Dezember 2022 06:13';7;5;23;4
932;932;2;5;'20. Dezember 2022 06:17';55;85;0;1
933;933;1;2;'20. Dezember 2022 07:18';7;5;23;1
934;934;1;5;'20. Dezember 2022 07:20';42;85;0;1
935;935;2;1;'20. Dezember 2022 08:21';4096;7200;1;5
936;936;2;2;'20. Dezember 2022 08:26';9;5;30;4
937;937;0;5;'20. Dezember 2022 09:29';46;85;0;0
938;938;3;3;'20. Dezember 2022 10:31';6;3;10;1
939;939;0;3;'20. Dezember 2022 11:34';4;3;7;2
940;940;2;4;'20. Dezember 2022 11:35';4;2;67;4
941;941;2;6;'20. Dezember 2022 12:38';9;2;12;3
942;942;3;2;'20. Dezember 2022 13:41';9;5;30;3
943;943;3;3;'20. Dezember 2022 14:42';6;3;10;1
944;944;1;5;'20. Dezember 2022 14:44';48;85;0;5
945;945;0;3;'20. Dezember 2022 14:46';4;3;7;3
946;946;2;2;'20. Dezember 2022 15:50';8;5;27;2
947;947;1;5;'20. Dezember 2022 16:53';50;85;0;2
948;948;3;1;'20. Dezember 2022 16:54';4716;7200;2;3
949;949;2;2;'20. Dezember 2022 17:54';8;5;27;1
950;950;0;1;'20. Dezember 2022 17:56';4600;7200;2;1
951;951;2;5;'20. Dezember 2022 18:58';55;85;0;5
952;952;1;3;'20. Dezember 2022 18:59';4;3;7;2
953;953;3;4;'20. Dezember 2022 19:01';2;2;33;1
954;954;1;4;'20. Dezember 2022 20:02';3;2;50;2
955;955;0;0;'20. Dezember 2022 20:05';24;15;60;2
956;956;2;4;'20. Dezember 2022 20:06';3;2;50;4
957;957;2;5;'20. Dezember 2022 21:10';72;85;0;5
958;958;1;5;'20. Dezember 2022 22:13';63;85;0;1
959;959;3;4;'20. Dezember 2022 22:15';3;2;50;2
960;960;1;0;'20. Dezember 2022 22:20';25;15;63;2
961;961;1;5;'20. Dezember 2022 23:23';50;85;0;2
962;962;1;2;'20. Dezember 2022 24:27';6;5;20;1
963;963;1;1;'21. Dezember 2022 00:31';3602;7200;1;5
964;964;3;5;'21. Dezember 2022 01:35';48;85;0;2
965;965;2;3;'21. Dezember 2022 01:39';5;3;8;1
966;966;0;6;'21. Dezember 2022 01:41';9;2;12;2
967;967;2;5;'21. Dezember 2022 01:44';44;85;0;4
968;968;1;4;'21. Dezember 2022 01:47';2;2;33;1
969;969;0;2;'21. Dezember 2022 02:49';6;5;20;4
970;970;2;2;'21. Dezember 2022 02:51';7;5;23;5
971;971;2;1;'21. Dezember 2022 03:55';4112;7200;1;0
972;972;1;3;'21. Dezember 2022 04:57';4;3;7;3
973;973;0;5;'21. Dezember 2022 04:58';73;85;0;1
974;974;1;0;'21. Dezember 2022 04:59';27;15;68;4
975;975;2;4;'21. Dezember 2022 05:00';3;2;50;3
976;976;1;3;'21. Dezember 2022 05:02';5;3;8;5
977;977;2;4;'21. Dezember 2022 06:04';4;2;67;2
978;978;0;6;'21. Dezember 2022 06:06';5;2;7;3
979;979;3;3;'21. Dezember 2022 06:08';5;3;8;1
980;980;0;4;'21. Dezember 2022 07:08';3;2;50;5
981;981;1;3;'21. Dezember 2022 07:12';6;3;10;3
982;982;1;0;'21. Dezember 2022 08:14';35;15;88;4
983;983;2;1;'21. Dezember 2022 08:14';5245;7200;2;1
984;984;3;5;'21. Dezember 2022 08:19';62;85;0;5
985;985;2;1;'21. Dezember 2022 09:19';5826;7200;2;2
986;986;2;5;'21. Dezember 2022 09:22';63;85;0;4
987;987;0;2;'21. Dezember 2022 10:23';7;5;23;5
988;988;1;2;'21. Dezember 2022 11:25';7;5;23;4
989;989;1;2;'21. Dezember 2022 12:30';7;5;23;2
990;990;2;4;'21. Dezember 2022 12:33';3;2;50;4
991;991;1;2;'21. Dezember 2022 12:37';8;5;27;0
992;992;0;5;'21. Dezember 2022 12:42';71;85;0;4
993;993;1;2;'21. Dezember 2022 13:44';8;5;27;2
994;994;1;1;'21. Dezember 2022 14:45';4907;7200;2;2
995;995;3;5;'21. Dezember 2022 14:45';71;85;0;0
996;996;1;2;'21. Dezember 2022 15:49';6;5;20;2
997;997;3;2;'21. Dezember 2022 15:51';10;5;33;5
998;998;1;0;'21. Dezember 2022 16:52';35;15;88;2
999;999;2;2;'21. Dezember 2022 17:56';6;5;20;4
1000;1000;3;4;'21. Dezember 2022 18:60';3;2;50;3
1001;1001;1;1;'21. Dezember 2022 18:00';3796;7200;1;2
1002;1002;0;4;'21. Dezember 2022 18:00';3;2;50;2
1003;1003;1;5;'21. Dezember 2022 18:05';54;85;0;1
1004;1004;3;4;'21. Dezember 2022 19:07';2;2;33;2
1005;1005;1;0;'21. Dezember 2022 19:11';38;15;95;4
1006;1006;3;6;'21. Dezember 2022 19:14';7;2;9;0
1007;1007;1;0;'21. Dezember 2022 20:14';34;15;85;2
1008;1008;3;4;'21. Dezember 2022 20:15';4;2;67;5
1009;1009;0;1;'21. Dezember 2022 20:17';4379;7200;2;1
1010;1010;3;3;'21. Dezember 2022 21:20';3;3;5;3
1011;1011;1;2;'21. Dezember 2022 21:23';6;5;20;2
1012;1012;1;1;'21. Dezember 2022 22:25';4493;7200;2;2
1013;1013;3;0;'21. Dezember 2022 23:28';41;15;103;1
1014;1014;2;3;'21. Dezember 2022 23:28';6;3;10;2
1015;1015;2;4;'22. Dezember 2022 01:29';2;2;33;2
1016;1016;2;5;'22. Dezember 2022 01:34';43;85;0;4
1017;1017;0;2;'22. Dezember 2022 01:34';9;5;30;4
1018;1018;2;1;'22. Dezember 2022 01:37';5020;7200;2;1
1019;1019;0;3;'22. Dezember 2022 01:37';5;3;8;1
1020;1020;2;4;'22. Dezember 2022 02:40';2;2;33;2
1021;1021;1;1;'22. Dezember 2022 02:45';3856;7200;1;2
1022;1022;1;5;'22. Dezember 2022 02:46';48;85;0;2
1023;1023;1;0;'22. Dezember 2022 03:47';26;15;65;4
1024;1024;1;4;'22. Dezember 2022 03:49';3;2;50;0
1025;1025;0;1;'22. Dezember 2022 04:54';4746;7200;2;2
1026;1026;2;4;'22. Dezember 2022 04:59';4;2;67;5
1027;1027;3;3;'22. Dezember 2022 04:64';3;3;5;0
1028;1028;3;2;'22. Dezember 2022 05:01';8;5;27;1
1029;1029;1;2;'22. Dezember 2022 06:04';9;5;30;5
1030;1030;1;2;'22. Dezember 2022 06:04';9;5;30;1
1031;1031;2;1;'22. Dezember 2022 06:05';4605;7200;2;0
1032;1032;1;1;'22. Dezember 2022 07:09';3164;7200;1;0
1033;1033;0;3;'22. Dezember 2022 08:09';4;3;7;4
1034;1034;0;5;'22. Dezember 2022 09:13';51;85;0;2
1035;1035;3;0;'22. Dezember 2022 09:15';33;15;83;4
1036;1036;1;5;'22. Dezember 2022 09:16';60;85;0;4
1037;1037;2;3;'22. Dezember 2022 10:20';3;3;5;4
1038;1038;1;2;'22. Dezember 2022 11:22';8;5;27;5
1039;1039;2;1;'22. Dezember 2022 11:27';3059;7200;1;3
1040;1040;2;4;'22. Dezember 2022 12:28';3;2;50;4
1041;1041;1;1;'22. Dezember 2022 12:32';4160;7200;1;3
1042;1042;2;4;'22. Dezember 2022 13:35';3;2;50;4
1043;1043;0;3;'22. Dezember 2022 13:39';3;3;5;0
1044;1044;1;5;'22. Dezember 2022 13:42';52;85;0;4
1045;1045;1;3;'22. Dezember 2022 14:44';5;3;8;0
1046;1046;3;0;'22. Dezember 2022 14:46';39;15;98;2
1047;1047;2;5;'22. Dezember 2022 15:50';43;85;0;0
1048;1048;2;1;'22. Dezember 2022 16:52';3114;7200;1;2
1049;1049;1;3;'22. Dezember 2022 16:53';3;3;5;4
1050;1050;3;6;'22. Dezember 2022 16:53';7;2;9;0
1051;1051;1;5;'22. Dezember 2022 17:57';43;85;0;0
1052;1052;1;6;'22. Dezember 2022 18:61';10;2;13;2
1053;1053;2;5;'22. Dezember 2022 19:01';63;85;0;2
1054;1054;2;2;'22. Dezember 2022 20:05';7;5;23;2
1055;1055;0;5;'22. Dezember 2022 20:05';58;85;0;5
1056;1056;1;5;'22. Dezember 2022 21:05';52;85;0;2
1057;1057;2;4;'22. Dezember 2022 22:05';3;2;50;4
1058;1058;1;3;'22. Dezember 2022 23:09';4;3;7;2
1059;1059;2;4;'22. Dezember 2022 23:12';3;2;50;1
1060;1060;1;4;'23. Dezember 2022 00:14';2;2;33;4
1061;1061;2;2;'23. Dezember 2022 01:18';9;5;30;5
1062;1062;2;1;'23. Dezember 2022 01:19';4724;7200;2;2
1063;1063;1;1;'23. Dezember 2022 01:20';4968;7200;2;2
1064;1064;3;4;'23. Dezember 2022 02:22';4;2;67;1
1065;1065;1;2;'23. Dezember 2022 02:27';7;5;23;1
1066;1066;1;6;'23. Dezember 2022 03:30';10;2;13;2
1067;1067;2;6;'23. Dezember 2022 04:33';6;2;8;4
1068;1068;0;3;'23. Dezember 2022 04:35';5;3;8;0
1069;1069;0;3;'23. Dezember 2022 05:39';5;3;8;2
1070;1070;2;3;'23. Dezember 2022 05:42';4;3;7;0
1071;1071;1;3;'23. Dezember 2022 06:46';5;3;8;4
1072;1072;1;1;'23. Dezember 2022 06:48';3087;7200;1;4
1073;1073;2;3;'23. Dezember 2022 06:52';3;3;5;2
1074;1074;1;5;'23. Dezember 2022 06:55';72;85;0;3
1075;1075;0;3;'23. Dezember 2022 07:55';3;3;5;1
1076;1076;1;3;'23. Dezember 2022 08:57';4;3;7;4
1077;1077;1;5;'23. Dezember 2022 08:60';44;85;0;2
1078;1078;1;4;'23. Dezember 2022 09:01';3;2;50;4
1079;1079;2;3;'23. Dezember 2022 10:03';3;3;5;1
1080;1080;3;0;'23. Dezember 2022 10:05';28;15;70;4
1081;1081;0;0;'23. Dezember 2022 11:08';29;15;73;1
1082;1082;0;2;'23. Dezember 2022 12:12';7;5;23;0
1083;1083;2;4;'23. Dezember 2022 13:16';4;2;67;2
1084;1084;2;4;'23. Dezember 2022 13:20';3;2;50;2
1085;1085;1;1;'23. Dezember 2022 14:22';5728;7200;2;5
1086;1086;1;1;'23. Dezember 2022 15:22';4196;7200;1;1
1087;1087;1;3;'23. Dezember 2022 15:27';6;3;10;0
1088;1088;0;4;'23. Dezember 2022 16:31';3;2;50;5
1089;1089;1;4;'23. Dezember 2022 17:32';3;2;50;2
1090;1090;2;6;'23. Dezember 2022 17:36';10;2;13;1
1091;1091;1;5;'23. Dezember 2022 17:38';55;85;0;3
1092;1092;2;2;'23. Dezember 2022 18:41';6;5;20;4
1093;1093;1;1;'23. Dezember 2022 19:43';3208;7200;1;1
1094;1094;2;2;'23. Dezember 2022 19:48';6;5;20;0
1095;1095;2;5;'23. Dezember 2022 20:51';68;85;0;5
1096;1096;2;0;'23. Dezember 2022 21:55';23;15;58;2
1097;1097;2;3;'23. Dezember 2022 22:59';4;3;7;4
1098;1098;1;4;'23. Dezember 2022 22:59';4;2;67;4
1099;1099;2;6;'23. Dezember 2022 23:61';9;2;12;2
1100;1100;1;5;'23. Dezember 2022 23:01';71;85;0;3
1101;1101;1;3;'24. Dezember 2022 01:01';3;3;5;5
1102;1102;1;0;'24. Dezember 2022 02:03';32;15;80;4
1103;1103;3;6;'24. Dezember 2022 02:03';6;2;8;2
1104;1104;2;1;'24. Dezember 2022 02:04';5399;7200;2;2
1105;1105;2;0;'24. Dezember 2022 03:05';22;15;55;0
1106;1106;0;2;'24. Dezember 2022 04:08';10;5;33;1
1107;1107;2;6;'24. Dezember 2022 05:09';7;2;9;1
1108;1108;3;2;'24. Dezember 2022 06:14';7;5;23;3
1109;1109;0;5;'24. Dezember 2022 06:17';71;85;0;0
1110;1110;1;5;'24. Dezember 2022 06:18';68;85;0;4
1111;1111;2;0;'24. Dezember 2022 07:21';40;15;100;1
1112;1112;2;5;'24. Dezember 2022 07:22';67;85;0;4
1113;1113;1;1;'24. Dezember 2022 08:23';5008;7200;2;2
1114;1114;2;5;'24. Dezember 2022 09:24';71;85;0;4
1115;1115;2;3;'24. Dezember 2022 09:24';5;3;8;1
1116;1116;3;6;'24. Dezember 2022 10:29';7;2;9;2
1117;1117;0;3;'24. Dezember 2022 10:30';4;3;7;1
1118;1118;0;4;'24. Dezember 2022 11:33';4;2;67;2
1119;1119;1;5;'24. Dezember 2022 12:37';66;85;0;4
1120;1120;3;5;'24. Dezember 2022 12:38';75;85;0;0
1121;1121;1;2;'24. Dezember 2022 12:43';10;5;33;2
1122;1122;1;3;'24. Dezember 2022 13:45';4;3;7;1
1123;1123;0;2;'24. Dezember 2022 13:47';5;5;17;2
1124;1124;3;1;'24. Dezember 2022 14:48';3634;7200;1;1
1125;1125;3;5;'24. Dezember 2022 15:53';55;85;0;1
1126;1126;2;4;'24. Dezember 2022 15:54';2;2;33;4
1127;1127;3;3;'24. Dezember 2022 15:55';4;3;7;3
1128;1128;1;2;'24. Dezember 2022 16:55';7;5;23;4
1129;1129;1;6;'24. Dezember 2022 16:55';9;2;12;5
1130;1130;2;5;'24. Dezember 2022 16:59';59;85;0;5
1131;1131;0;5;'24. Dezember 2022 17:01';74;85;0;2
1132;1132;1;1;'24. Dezember 2022 17:01';3995;7200;1;3
1133;1133;2;3;'24. Dezember 2022 18:02';5;3;8;0
1134;1134;3;5;'24. Dezember 2022 18:05';71;85;0;2
1135;1135;3;3;'24. Dezember 2022 19:07';6;3;10;5
1136;1136;2;2;'24. Dezember 2022 19:09';9;5;30;2
1137;1137;3;4;'24. Dezember 2022 19:11';3;2;50;0
1138;1138;1;3;'24. Dezember 2022 20:14';6;3;10;2
1139;1139;2;2;'24. Dezember 2022 20:15';8;5;27;1
1140;1140;3;1;'24. Dezember 2022 20:16';4903;7200;2;0
1141;1141;3;3;'24. Dezember 2022 21:19';4;3;7;1
1142;1142;0;2;'24. Dezember 2022 21:22';9;5;30;3
1143;1143;2;6;'24. Dezember 2022 22:26';6;2;8;1
1144;1144;2;5;'24. Dezember 2022 23:29';75;85;0;1
1145;1145;0;0;'24. Dezember 2022 23:33';30;15;75;4
1146;1146;0;2;'25. Dezember 2022 01:34';9;5;30;0
1147;1147;0;5;'25. Dezember 2022 01:35';70;85;0;2
1148;1148;3;4;'25. Dezember 2022 01:36';3;2;50;0
1149;1149;0;5;'25. Dezember 2022 02:38';53;85;0;5
1150;1150;1;4;'25. Dezember 2022 02:41';3;2;50;4
1151;1151;3;0;'25. Dezember 2022 03:46';21;15;53;4
1152;1152;2;1;'25. Dezember 2022 04:48';5171;7200;2;3
1153;1153;2;2;'25. Dezember 2022 04:53';5;5;17;3
1154;1154;1;3;'25. Dezember 2022 05:56';5;3;8;5
1155;1155;3;3;'25. Dezember 2022 05:60';6;3;10;0
1156;1156;0;4;'25. Dezember 2022 05:00';2;2;33;2
1157;1157;2;2;'25. Dezember 2022 06:03';7;5;23;0
1158;1158;1;6;'25. Dezember 2022 06:04';8;2;11;1
1159;1159;2;4;'25. Dezember 2022 07:05';4;2;67;5
1160;1160;1;6;'25. Dezember 2022 07:06';6;2;8;2
1161;1161;0;2;'25. Dezember 2022 08:07';7;5;23;3
1162;1162;2;5;'25. Dezember 2022 08:10';45;85;0;4
1163;1163;2;2;'25. Dezember 2022 09:14';5;5;17;0
1164;1164;2;6;'25. Dezember 2022 09:15';7;2;9;1
1165;1165;0;3;'25. Dezember 2022 10:18';5;3;8;2
1166;1166;3;6;'25. Dezember 2022 10:21';9;2;12;2
1167;1167;2;0;'25. Dezember 2022 11:24';37;15;93;5
1168;1168;1;1;'25. Dezember 2022 11:26';5266;7200;2;4
1169;1169;0;1;'25. Dezember 2022 12:27';4626;7200;2;4
1170;1170;1;4;'25. Dezember 2022 13:28';3;2;50;2
1171;1171;3;1;'25. Dezember 2022 14:32';4724;7200;2;4
1172;1172;2;1;'25. Dezember 2022 14:36';3978;7200;1;0
1173;1173;2;2;'25. Dezember 2022 15:38';7;5;23;4
1174;1174;1;3;'25. Dezember 2022 16:39';6;3;10;4
1175;1175;1;2;'25. Dezember 2022 16:40';7;5;23;0
1176;1176;0;3;'25. Dezember 2022 16:44';4;3;7;3
1177;1177;2;0;'25. Dezember 2022 16:46';42;15;105;4
1178;1178;0;4;'25. Dezember 2022 17:47';4;2;67;4
1179;1179;2;1;'25. Dezember 2022 17:48';4816;7200;2;3
1180;1180;2;3;'25. Dezember 2022 18:49';3;3;5;3
1181;1181;3;2;'25. Dezember 2022 18:50';6;5;20;2
1182;1182;3;1;'25. Dezember 2022 18:52';3375;7200;1;4
1183;1183;3;3;'25. Dezember 2022 19:55';4;3;7;4
1184;1184;1;1;'25. Dezember 2022 19:57';4580;7200;2;2
1185;1185;0;2;'25. Dezember 2022 20:58';10;5;33;5
1186;1186;1;4;'25. Dezember 2022 20:59';2;2;33;2
1187;1187;3;6;'25. Dezember 2022 21:00';9;2;12;3
1188;1188;2;6;'25. Dezember 2022 21:02';5;2;7;2
1189;1189;3;1;'25. Dezember 2022 22:04';4397;7200;2;2
1190;1190;0;0;'25. Dezember 2022 22:06';28;15;70;3
1191;1191;2;6;'25. Dezember 2022 23:07';5;2;7;2
1192;1192;0;1;'26. Dezember 2022 01:07';3023;7200;1;1
1193;1193;2;2;'26. Dezember 2022 02:11';9;5;30;3
1194;1194;0;4;'26. Dezember 2022 02:14';2;2;33;2
1195;1195;1;3;'26. Dezember 2022 02:19';3;3;5;2
1196;1196;3;5;'26. Dezember 2022 03:21';72;85;0;3
1197;1197;0;5;'26. Dezember 2022 03:23';50;85;0;1
1198;1198;1;1;'26. Dezember 2022 04:25';5234;7200;2;3
1199;1199;1;5;'26. Dezember 2022 05:29';43;85;0;1
1200;1200;3;1;'26. Dezember 2022 06:33';5438;7200;2;5
1201;1201;2;1;'26. Dezember 2022 06:37';3375;7200;1;4
1202;1202;2;1;'26. Dezember 2022 07:41';4183;7200;1;2
1203;1203;1;2;'26. Dezember 2022 07:45';8;5;27;2
1204;1204;1;2;'26. Dezember 2022 07:50';7;5;23;2
1205;1205;3;3;'26. Dezember 2022 08:50';4;3;7;1
1206;1206;1;1;'26. Dezember 2022 08:54';5219;7200;2;1
1207;1207;2;4;'26. Dezember 2022 08:58';3;2;50;1
1208;1208;2;5;'26. Dezember 2022 09:62';55;85;0;2
1209;1209;2;4;'26. Dezember 2022 09:01';2;2;33;1
1210;1210;1;3;'26. Dezember 2022 10:04';5;3;8;2
1211;1211;1;2;'26. Dezember 2022 10:07';9;5;30;4
1212;1212;1;3;'26. Dezember 2022 11:11';5;3;8;2
1213;1213;3;2;'26. Dezember 2022 11:16';5;5;17;1
1214;1214;3;6;'26. Dezember 2022 12:19';5;2;7;4
1215;1215;0;5;'26. Dezember 2022 12:23';64;85;0;1
1216;1216;0;3;'26. Dezember 2022 12:27';3;3;5;4
